path,line,symbol,expression
openwrt/target/linux/zte/files-6.18/arch/arm/mach-zte/platsmp.c,29,TRAMPOLINE_STARTUP_OFF,4
openwrt/target/linux/zte/files-6.18/arch/arm/mach-zte/platsmp.c,30,TRAMPOLINE_PEN_OFF,8
openwrt/target/linux/zte/files-6.18/drivers/net/ethernet/zte/zx279128s-bufpool.c,19,H3601P_BUF_PAYLOAD,(ZX_IDM_RX_HEADROOM + ZX_IDM_BUFFER_SIZE)
openwrt/target/linux/zte/files-6.18/drivers/net/ethernet/zte/zx279128s-bufpool.c,20,H3601P_BUF_STRIDE,"ALIGN(SKB_DATA_ALIGN(H3601P_BUF_PAYLOAD) + SKB_DATA_ALIGN(sizeof(struct skb_shared_info)), 64)"
openwrt/target/linux/zte/files-6.18/drivers/net/ethernet/zte/zx279128s-idm-hw.c,39,IDM_CFG,0x00
openwrt/target/linux/zte/files-6.18/drivers/net/ethernet/zte/zx279128s-idm-hw.c,40,IDM_TX_BASE,0x04
openwrt/target/linux/zte/files-6.18/drivers/net/ethernet/zte/zx279128s-idm-hw.c,41,IDM_RX_BASE,0x08
openwrt/target/linux/zte/files-6.18/drivers/net/ethernet/zte/zx279128s-idm-hw.c,42,IDM_RING_SIZE,0x0c
openwrt/target/linux/zte/files-6.18/drivers/net/ethernet/zte/zx279128s-idm-hw.c,43,IDM_TX_THRESHOLD,0x10
openwrt/target/linux/zte/files-6.18/drivers/net/ethernet/zte/zx279128s-idm-hw.c,44,IDM_RX_THRESHOLD,0x18
openwrt/target/linux/zte/files-6.18/drivers/net/ethernet/zte/zx279128s-idm-hw.c,45,IDM_RX_TIMEOUT,0x1c
openwrt/target/linux/zte/files-6.18/drivers/net/ethernet/zte/zx279128s-idm-hw.c,46,IDM_STATUS,0x20
openwrt/target/linux/zte/files-6.18/drivers/net/ethernet/zte/zx279128s-idm-hw.c,47,IDM_MASK,0x24
openwrt/target/linux/zte/files-6.18/drivers/net/ethernet/zte/zx279128s-idm-hw.c,48,IDM_TX_COUNT,0x40
openwrt/target/linux/zte/files-6.18/drivers/net/ethernet/zte/zx279128s-idm-hw.c,49,IDM_TX_DONE,0x44
openwrt/target/linux/zte/files-6.18/drivers/net/ethernet/zte/zx279128s-idm-hw.c,50,IDM_RX_COUNT,0x48
openwrt/target/linux/zte/files-6.18/drivers/net/ethernet/zte/zx279128s-idm-hw.c,51,IDM_RX_DONE,0x4c
openwrt/target/linux/zte/files-6.18/drivers/net/ethernet/zte/zx279128s-idm-hw.c,52,IDM_INIT_AUX,0xc0
openwrt/target/linux/zte/files-6.18/drivers/net/ethernet/zte/zx279128s-idm-hw.c,53,IDM_IRQS,0x14
openwrt/target/linux/zte/files-6.18/drivers/net/ethernet/zte/zx279128s-idm-hw.c,196,IDM_SUITE_MATRIX,16
openwrt/target/linux/zte/files-6.18/drivers/net/ethernet/zte/zx279128s-idm-hw.c,197,IDM_SUITE_TOTAL,(IDM_SUITE_MATRIX + 4096)
openwrt/target/linux/zte/files-6.18/drivers/net/ethernet/zte/zx279128s-idm-hw.c,329,IDM_LIVE_SEQ,0x48313535
openwrt/target/linux/zte/files-6.18/drivers/net/ethernet/zte/zx279128s-idm-hw.c,330,IDM_LIVE_BATCH,32
openwrt/target/linux/zte/files-6.18/drivers/net/ethernet/zte/zx279128s-idm-wlan.c,15,ZX_IDM_STATIONS,64
openwrt/target/linux/zte/files-6.18/drivers/net/ethernet/zte/zx279128s-idm.c,11,ZX_IDM_DESC_BYTES,((ZX_IDM_RX_COUNT + ZX_IDM_TX_COUNT) * sizeof(struct zx_idm_desc))
openwrt/target/linux/zte/files-6.18/drivers/net/ethernet/zte/zx279128s-idm.h,8,ZX_IDM_RX_COUNT,2048
openwrt/target/linux/zte/files-6.18/drivers/net/ethernet/zte/zx279128s-idm.h,9,ZX_IDM_TX_COUNT,1024
openwrt/target/linux/zte/files-6.18/drivers/net/ethernet/zte/zx279128s-idm.h,10,ZX_IDM_BUFFER_SIZE,1600
openwrt/target/linux/zte/files-6.18/drivers/net/ethernet/zte/zx279128s-idm.h,15,ZX_IDM_RX_HEADROOM,128
openwrt/target/linux/zte/files-6.18/drivers/net/ethernet/zte/zx279128s-l3offload.c,279,ZX_SW_HASH_BITS,9
openwrt/target/linux/zte/files-6.18/drivers/net/ethernet/zte/zx279128s-l3offload.c,280,ZX_SW_HASH_SIZE,(1 << ZX_SW_HASH_BITS)
openwrt/target/linux/zte/files-6.18/drivers/net/ethernet/zte/zx279128s-l3offload.c,530,ZX_CLA_CFG_DEFAULT,((1u << 19) | (1u << 16) | (1u << 10) | (1u << 9))
openwrt/target/linux/zte/files-6.18/drivers/net/ethernet/zte/zx279128s-l3offload.h,23,ZX_L3_MAX_FLOWS,512
openwrt/target/linux/zte/files-6.18/drivers/net/ethernet/zte/zx279128s-l3offload.h,24,ZX_L3_MAX_HASH,520
openwrt/target/linux/zte/files-6.18/drivers/net/ethernet/zte/zx279128s-l3offload.h,25,ZX_L3_MAX_PM_FLOWS,1024
openwrt/target/linux/zte/files-6.18/drivers/net/ethernet/zte/zx279128s-l3offload.h,28,ZX_PM_IND_CMD,0x1c014
openwrt/target/linux/zte/files-6.18/drivers/net/ethernet/zte/zx279128s-l3offload.h,29,ZX_PM_IND_DONE,0x1c018
openwrt/target/linux/zte/files-6.18/drivers/net/ethernet/zte/zx279128s-l3offload.h,30,ZX_PM_IND_DATA0,0x1c01c
openwrt/target/linux/zte/files-6.18/drivers/net/ethernet/zte/zx279128s-l3offload.h,31,ZX_PM_IND_DATA1,0x1c020
openwrt/target/linux/zte/files-6.18/drivers/net/ethernet/zte/zx279128s-l3offload.h,32,ZX_PM_IND_DATA2,0x1c024
openwrt/target/linux/zte/files-6.18/drivers/net/ethernet/zte/zx279128s-l3offload.h,33,ZX_PM_IND_DATA3,0x1c028
openwrt/target/linux/zte/files-6.18/drivers/net/ethernet/zte/zx279128s-l3offload.h,34,ZX_PM_IND_DATA4,0x1c100
openwrt/target/linux/zte/files-6.18/drivers/net/ethernet/zte/zx279128s-l3offload.h,35,ZX_PM_IND_DATA5,0x1c104
openwrt/target/linux/zte/files-6.18/drivers/net/ethernet/zte/zx279128s-l3offload.h,36,ZX_PM_IND_DATA6,0x1c108
openwrt/target/linux/zte/files-6.18/drivers/net/ethernet/zte/zx279128s-l3offload.h,37,ZX_PM_IND_DATA7,0x1c10c
openwrt/target/linux/zte/files-6.18/drivers/net/ethernet/zte/zx279128s-l3offload.h,40,ZX_PM_CTRL0,0x20054
openwrt/target/linux/zte/files-6.18/drivers/net/ethernet/zte/zx279128s-l3offload.h,41,ZX_PM_CTRL1,0x20058
openwrt/target/linux/zte/files-6.18/drivers/net/ethernet/zte/zx279128s-l3offload.h,42,ZX_PM_CTRL2,0x2005c
openwrt/target/linux/zte/files-6.18/drivers/net/ethernet/zte/zx279128s-l3offload.h,43,ZX_PM_IN_RULE,0x20180
openwrt/target/linux/zte/files-6.18/drivers/net/ethernet/zte/zx279128s-l3offload.h,44,ZX_PM_OUT_RULE,0x201a0
openwrt/target/linux/zte/files-6.18/drivers/net/ethernet/zte/zx279128s-l3offload.h,47,ZX_CLA_RAM_EXTRA_IDX,0
openwrt/target/linux/zte/files-6.18/drivers/net/ethernet/zte/zx279128s-l3offload.h,48,ZX_CLA_RAM_EXTRA_RULE,1
openwrt/target/linux/zte/files-6.18/drivers/net/ethernet/zte/zx279128s-l3offload.h,49,ZX_CLA_RAM_HASH_BASE,2
openwrt/target/linux/zte/files-6.18/drivers/net/ethernet/zte/zx279128s-l3offload.h,50,ZX_CLA_RAM_CPU_QID,7
openwrt/target/linux/zte/files-6.18/drivers/net/ethernet/zte/zx279128s-l3offload.h,51,ZX_CLA_RAM_AGING,8
openwrt/target/linux/zte/files-6.18/drivers/net/ethernet/zte/zx279128s-l3offload.h,54,ZX_PM_RAM_FLOW_INFO,0
openwrt/target/linux/zte/files-6.18/drivers/net/ethernet/zte/zx279128s-l3offload.h,55,ZX_PM_RAM_NEXT_HOP,1
openwrt/target/linux/zte/files-6.18/drivers/net/ethernet/zte/zx279128s-l3offload.h,56,ZX_PM_RAM_VLAN_MOD,2
openwrt/target/linux/zte/files-6.18/drivers/net/ethernet/zte/zx279128s-l3offload.h,57,ZX_PM_RAM_CMD,3
openwrt/target/linux/zte/files-6.18/drivers/net/ethernet/zte/zx279128s-l3offload.h,58,ZX_PM_RAM_SUB,6
openwrt/target/linux/zte/files-6.18/drivers/net/ethernet/zte/zx279128s-tm.c,51,ZX_TM_IRQ_STATUS,0x100
openwrt/target/linux/zte/files-6.18/drivers/net/ethernet/zte/zx279128s-tm.c,52,ZX_TM_IRQ_MASK,0x104
openwrt/target/linux/zte/files-6.18/drivers/net/ethernet/zte/zx279128s-tm.c,53,ZX_TM_BPPE_PA,0x0e8
openwrt/target/linux/zte/files-6.18/drivers/net/ethernet/zte/zx279128s-tm.c,54,ZX_TM_BPPE2_PA,0x0ec
openwrt/target/linux/zte/files-6.18/drivers/net/ethernet/zte/zx279128s-tm.c,55,ZX_TM_DESC_PA,0x0f0
openwrt/target/linux/zte/files-6.18/drivers/net/ethernet/zte/zx279128s-tm.c,56,ZX_TM_BP_BUF_PA,0x0f4
openwrt/target/linux/zte/files-6.18/drivers/net/ethernet/zte/zx279128s-tm.c,57,ZX_TM_JUMBO_BUF_PA,0x0f8
openwrt/target/linux/zte/files-6.18/drivers/net/ethernet/zte/zx279128s-tm.c,58,ZX_TM_BP_SIZES,0x0fc
openwrt/target/linux/zte/files-6.18/drivers/net/ethernet/zte/zx279128s-tm.c,59,ZX_TM_UNK_128,0x128
openwrt/target/linux/zte/files-6.18/drivers/net/ethernet/zte/zx279128s-tm.c,60,ZX_TM_UNK_130,0x130
openwrt/target/linux/zte/files-6.18/drivers/net/ethernet/zte/zx279128s-tm.c,61,ZX_TM_C008,0xc008
openwrt/target/linux/zte/files-6.18/drivers/net/ethernet/zte/zx279128s-tm.c,63,ZX_RED_CTRL,0x4004
openwrt/target/linux/zte/files-6.18/drivers/net/ethernet/zte/zx279128s-tm.c,64,ZX_RED_CMD,0x4014
openwrt/target/linux/zte/files-6.18/drivers/net/ethernet/zte/zx279128s-tm.c,65,ZX_RED_STAT,0x4018
openwrt/target/linux/zte/files-6.18/drivers/net/ethernet/zte/zx279128s-tm.c,66,ZX_RED_W0,0x401c
openwrt/target/linux/zte/files-6.18/drivers/net/ethernet/zte/zx279128s-tm.c,67,ZX_RED_W1,0x4020
openwrt/target/linux/zte/files-6.18/drivers/net/ethernet/zte/zx279128s-tm.c,68,ZX_RED_W2,0x4024
openwrt/target/linux/zte/files-6.18/drivers/net/ethernet/zte/zx279128s-tm.c,69,ZX_RED_W3,0x4028
openwrt/target/linux/zte/files-6.18/drivers/net/ethernet/zte/zx279128s-tm.c,70,ZX_RED_IN_SHARE_MAX,0x4040
openwrt/target/linux/zte/files-6.18/drivers/net/ethernet/zte/zx279128s-tm.c,71,ZX_RED_UP_OUT_SHARE_MAX,0x4074
openwrt/target/linux/zte/files-6.18/drivers/net/ethernet/zte/zx279128s-tm.c,73,ZX_BMU,0x8000
openwrt/target/linux/zte/files-6.18/drivers/net/ethernet/zte/zx279128s-tm.c,74,ZX_BMU_CFG0,0x8004
openwrt/target/linux/zte/files-6.18/drivers/net/ethernet/zte/zx279128s-tm.c,75,ZX_BMU_CFG1,0x8008
openwrt/target/linux/zte/files-6.18/drivers/net/ethernet/zte/zx279128s-tm.c,76,ZX_BMU_ALLOC_RES,0x800c
openwrt/target/linux/zte/files-6.18/drivers/net/ethernet/zte/zx279128s-tm.c,77,ZX_BMU_FREE,0x8010
openwrt/target/linux/zte/files-6.18/drivers/net/ethernet/zte/zx279128s-tm.c,78,ZX_BMU_CMD,0x8014
openwrt/target/linux/zte/files-6.18/drivers/net/ethernet/zte/zx279128s-tm.c,79,ZX_BMU_POOL,0x8048
openwrt/target/linux/zte/files-6.18/drivers/net/ethernet/zte/zx279128s-tm.c,80,ZX_BMU_JPOOL,0x804c
openwrt/target/linux/zte/files-6.18/drivers/net/ethernet/zte/zx279128s-tm.c,81,ZX_BMU_POOLM,0x8058
openwrt/target/linux/zte/files-6.18/drivers/net/ethernet/zte/zx279128s-tm.c,82,ZX_BMU_JPOOLM,0x805c
openwrt/target/linux/zte/files-6.18/drivers/net/ethernet/zte/zx279128s-tm.c,83,ZX_BMU_INITSAT,0x80a0
openwrt/target/linux/zte/files-6.18/drivers/net/ethernet/zte/zx279128s-tm.c,84,ZX_BMU_BPPE_CNT,0x8080
openwrt/target/linux/zte/files-6.18/drivers/net/ethernet/zte/zx279128s-tm.c,85,ZX_BMU_BPPI_CNT,0x8088
openwrt/target/linux/zte/files-6.18/drivers/net/ethernet/zte/zx279128s-tm.c,86,ZX_BMU_ALLOC_CNT,0x8090
openwrt/target/linux/zte/files-6.18/drivers/net/ethernet/zte/zx279128s-tm.c,87,ZX_BMU_RLS_CNT,0x8098
openwrt/target/linux/zte/files-6.18/drivers/net/ethernet/zte/zx279128s-tm.c,88,ZX_BMU_CREDITS,0x80dc
openwrt/target/linux/zte/files-6.18/drivers/net/ethernet/zte/zx279128s-tm.c,89,ZX_BMU_CFG_VAL,0x0104c040
openwrt/target/linux/zte/files-6.18/drivers/net/ethernet/zte/zx279128s-tm.c,97,ZX_BRG_CTRL,0x8004
openwrt/target/linux/zte/files-6.18/drivers/net/ethernet/zte/zx279128s-tm.c,98,ZX_BRG_CTRL2,0x8008
openwrt/target/linux/zte/files-6.18/drivers/net/ethernet/zte/zx279128s-tm.c,99,ZX_BRG_MD,0x8180
openwrt/target/linux/zte/files-6.18/drivers/net/ethernet/zte/zx279128s-tm.c,100,ZX_BRG_TABLE_SEL,0x8184
openwrt/target/linux/zte/files-6.18/drivers/net/ethernet/zte/zx279128s-tm.c,101,ZX_BRG_SMAC,0x81c0
openwrt/target/linux/zte/files-6.18/drivers/net/ethernet/zte/zx279128s-tm.c,102,ZX_BRG_LEARN,0x81c4
openwrt/target/linux/zte/files-6.18/drivers/net/ethernet/zte/zx279128s-tm.c,103,ZX_BRG_DALOOK,0x82c0
openwrt/target/linux/zte/files-6.18/drivers/net/ethernet/zte/zx279128s-tm.c,104,ZX_BRG_UNKMC,0x82d4
openwrt/target/linux/zte/files-6.18/drivers/net/ethernet/zte/zx279128s-tm.c,105,ZX_BRG_BCAST,0x8300
openwrt/target/linux/zte/files-6.18/drivers/net/ethernet/zte/zx279128s-tm.c,106,ZX_BRG_PONBC,0x8304
openwrt/target/linux/zte/files-6.18/drivers/net/ethernet/zte/zx279128s-tm.c,107,ZX_BRG_UNKUC,0x8340
openwrt/target/linux/zte/files-6.18/drivers/net/ethernet/zte/zx279128s-tm.c,108,ZX_BRG_PONUC,0x8344
openwrt/target/linux/zte/files-6.18/drivers/net/ethernet/zte/zx279128s-tm.c,109,ZX_BRG_TLS,0x8380
openwrt/target/linux/zte/files-6.18/drivers/net/ethernet/zte/zx279128s-tm.c,110,ZX_BRG_MIRROR,0x8630
openwrt/target/linux/zte/files-6.18/drivers/net/ethernet/zte/zx279128s-tm.c,111,ZX_BRG_AGING_CYCLE,0x8188
openwrt/target/linux/zte/files-6.18/drivers/net/ethernet/zte/zx279128s-tm.c,112,ZX_BRG_CLR_DONE,0x8190
openwrt/target/linux/zte/files-6.18/drivers/net/ethernet/zte/zx279128s-tm.c,119,ZX_PM_CTRL0,0x20054
openwrt/target/linux/zte/files-6.18/drivers/net/ethernet/zte/zx279128s-tm.c,120,ZX_PM_CTRL1,0x20058
openwrt/target/linux/zte/files-6.18/drivers/net/ethernet/zte/zx279128s-tm.c,121,ZX_PM_CTRL2,0x2005c
openwrt/target/linux/zte/files-6.18/drivers/net/ethernet/zte/zx279128s-tm.c,122,ZX_PM_IN_RULE,0x20180
openwrt/target/linux/zte/files-6.18/drivers/net/ethernet/zte/zx279128s-tm.c,123,ZX_PM_OUT_RULE,0x201a0
openwrt/target/linux/zte/files-6.18/drivers/net/ethernet/zte/zx279128s-tm.c,132,ZX_SPA_MATCH_MODE,0x1407c
openwrt/target/linux/zte/files-6.18/drivers/net/ethernet/zte/zx279128s-tm.c,133,ZX_SPA_ONU_MAC0,0x14120
openwrt/target/linux/zte/files-6.18/drivers/net/ethernet/zte/zx279128s-tm.c,134,ZX_SPA_ONU_MAC1,0x14124
openwrt/target/linux/zte/files-6.18/drivers/net/ethernet/zte/zx279128s-tm.c,135,ZX_SPA_PROTO_DEAL,0x14300
openwrt/target/linux/zte/files-6.18/drivers/net/ethernet/zte/zx279128s-tm.c,143,ZX_PPM_CMD,0x1c014
openwrt/target/linux/zte/files-6.18/drivers/net/ethernet/zte/zx279128s-tm.c,144,ZX_PPM_DONE,0x1c018
openwrt/target/linux/zte/files-6.18/drivers/net/ethernet/zte/zx279128s-tm.c,145,ZX_PPM_DATA0,0x1c01c
openwrt/target/linux/zte/files-6.18/drivers/net/ethernet/zte/zx279128s-tm.c,146,ZX_PPM_RAM_ONU_MAC,12
openwrt/target/linux/zte/files-6.18/drivers/net/ethernet/zte/zx279128s-tm.c,155,ZX_CLA_MAC_LOOKUP,0xc080
openwrt/target/linux/zte/files-6.18/drivers/net/ethernet/zte/zx279128s-tm.c,156,ZX_CLA_CONFIG,0xc080
openwrt/target/linux/zte/files-6.18/drivers/net/ethernet/zte/zx279128s-tm.c,157,ZX_CLA_L3_MTU,0xc088
openwrt/target/linux/zte/files-6.18/drivers/net/ethernet/zte/zx279128s-tm.c,158,ZX_CLA_OUTSPACE,0xc094
openwrt/target/linux/zte/files-6.18/drivers/net/ethernet/zte/zx279128s-tm.c,159,ZX_CLA_UP_DN_MTU,0xc098
openwrt/target/linux/zte/files-6.18/drivers/net/ethernet/zte/zx279128s-tm.c,160,ZX_CLA_OTH_L3,0xc0cc
openwrt/target/linux/zte/files-6.18/drivers/net/ethernet/zte/zx279128s-tm.c,161,ZX_CLA_DN_UNKDA,0xc0d0
openwrt/target/linux/zte/files-6.18/drivers/net/ethernet/zte/zx279128s-tm.c,162,ZX_PONPP_MULT_MAC,0x20018
openwrt/target/linux/zte/files-6.18/drivers/net/ethernet/zte/zx279128s-tm.c,163,ZX_PONPP_PORT_AUTH,0x20010
openwrt/target/linux/zte/files-6.18/drivers/net/ethernet/zte/zx279128s-tm.c,164,ZX_PONPP_TM_CFG,0x2001c
openwrt/target/linux/zte/files-6.18/drivers/net/ethernet/zte/zx279128s-tm.c,165,ZX_GREG_PORT_AUTH,0x48
openwrt/target/linux/zte/files-6.18/drivers/net/ethernet/zte/zx279128s-tm.c,167,ZX_RX_REL_CMD,0x4064
openwrt/target/linux/zte/files-6.18/drivers/net/ethernet/zte/zx279128s-tm.c,168,ZX_RX_REL_DATA,0x4068
openwrt/target/linux/zte/files-6.18/drivers/net/ethernet/zte/zx279128s-tm.c,170,ZX_DMA_CTRL,0x10000
openwrt/target/linux/zte/files-6.18/drivers/net/ethernet/zte/zx279128s-tm.c,171,ZX_DMA_004,0x10004
openwrt/target/linux/zte/files-6.18/drivers/net/ethernet/zte/zx279128s-tm.c,172,ZX_DMA_020,0x10020
openwrt/target/linux/zte/files-6.18/drivers/net/ethernet/zte/zx279128s-tm.c,173,ZX_DMA_024,0x10024
openwrt/target/linux/zte/files-6.18/drivers/net/ethernet/zte/zx279128s-tm.c,174,ZX_DMA_028,0x10028
openwrt/target/linux/zte/files-6.18/drivers/net/ethernet/zte/zx279128s-tm.c,175,ZX_DMA_02C,0x1002c
openwrt/target/linux/zte/files-6.18/drivers/net/ethernet/zte/zx279128s-tm.c,176,ZX_DMA_030,0x10030
openwrt/target/linux/zte/files-6.18/drivers/net/ethernet/zte/zx279128s-tm.c,177,ZX_DMA_034,0x10034
openwrt/target/linux/zte/files-6.18/drivers/net/ethernet/zte/zx279128s-tm.c,178,ZX_DMA_03C,0x1003c
openwrt/target/linux/zte/files-6.18/drivers/net/ethernet/zte/zx279128s-tm.c,179,ZX_DMA_UP_BASE,0x10050
openwrt/target/linux/zte/files-6.18/drivers/net/ethernet/zte/zx279128s-tm.c,180,ZX_DMA_UP_KICK,0x10054
openwrt/target/linux/zte/files-6.18/drivers/net/ethernet/zte/zx279128s-tm.c,181,ZX_DMA_UP_CNT,0x10058
openwrt/target/linux/zte/files-6.18/drivers/net/ethernet/zte/zx279128s-tm.c,182,ZX_DMA_DN_BASE,0x10060
openwrt/target/linux/zte/files-6.18/drivers/net/ethernet/zte/zx279128s-tm.c,183,ZX_DMA_DN_KICK,0x10064
openwrt/target/linux/zte/files-6.18/drivers/net/ethernet/zte/zx279128s-tm.c,184,ZX_DMA_DN_CNT,0x10068
openwrt/target/linux/zte/files-6.18/drivers/net/ethernet/zte/zx279128s-tm.c,185,ZX_DMA_388,0x10388
openwrt/target/linux/zte/files-6.18/drivers/net/ethernet/zte/zx279128s-tm.c,186,ZX_DMA_RXOCC(q),(0x10100 + 4 * (q))
openwrt/target/linux/zte/files-6.18/drivers/net/ethernet/zte/zx279128s-tm.c,188,ZX_OFF_BPPE,0x000000
openwrt/target/linux/zte/files-6.18/drivers/net/ethernet/zte/zx279128s-tm.c,189,ZX_OFF_JBPPE,0x010000
openwrt/target/linux/zte/files-6.18/drivers/net/ethernet/zte/zx279128s-tm.c,190,ZX_OFF_BP_BUF,0x510000
openwrt/target/linux/zte/files-6.18/drivers/net/ethernet/zte/zx279128s-tm.c,191,ZX_OFF_RX_DESC,0x17a0000
openwrt/target/linux/zte/files-6.18/drivers/net/ethernet/zte/zx279128s-tm.c,192,ZX_OFF_TX_UP,0x1860000
openwrt/target/linux/zte/files-6.18/drivers/net/ethernet/zte/zx279128s-tm.c,193,ZX_OFF_TX_DN,0x1870000
openwrt/target/linux/zte/files-6.18/drivers/net/ethernet/zte/zx279128s-tm.c,194,ZX_MEM_SIZE,0x1900000
openwrt/target/linux/zte/files-6.18/drivers/net/ethernet/zte/zx279128s-tm.c,195,ZX_STOCK_BMU_PA,0x4e700000
openwrt/target/linux/zte/files-6.18/drivers/net/ethernet/zte/zx279128s-tm.c,197,ZX_BP_SIZE,0x900
openwrt/target/linux/zte/files-6.18/drivers/net/ethernet/zte/zx279128s-tm.c,198,ZX_BP_HEADROOM,16
openwrt/target/linux/zte/files-6.18/drivers/net/ethernet/zte/zx279128s-tm.c,199,ZX_BP_COUNT,0x2000
openwrt/target/linux/zte/files-6.18/drivers/net/ethernet/zte/zx279128s-tm.c,200,ZX_JUMBO_SIZE,0x2800
openwrt/target/linux/zte/files-6.18/drivers/net/ethernet/zte/zx279128s-tm.c,201,ZX_JUMBO_COUNT,0x60
openwrt/target/linux/zte/files-6.18/drivers/net/ethernet/zte/zx279128s-tm.c,202,ZX_RX_QUEUES,8
openwrt/target/linux/zte/files-6.18/drivers/net/ethernet/zte/zx279128s-tm.c,203,ZX_DESC_NUM,1024
openwrt/target/linux/zte/files-6.18/drivers/net/ethernet/zte/zx279128s-tm.c,204,ZX_DESC_SIZE,16
openwrt/target/linux/zte/files-6.18/drivers/net/ethernet/zte/zx279128s-tm.c,205,ZX_TX_DIR_UP,0
openwrt/target/linux/zte/files-6.18/drivers/net/ethernet/zte/zx279128s-tm.c,206,ZX_TX_DIR_DN,1
openwrt/target/linux/zte/files-6.18/drivers/net/ethernet/zte/zx279128s-tm.c,207,ZX_TM_MAX_PORTS,4
openwrt/target/linux/zte/files-6.18/drivers/net/ethernet/zte/zx279128s-tm.c,208,ZX_NPP_MAP_SIZE,0x180000
openwrt/target/linux/zte/files-6.18/drivers/net/ethernet/zte/zx279128s-tm.c,210,ZX_MEM_NONE,0
openwrt/target/linux/zte/files-6.18/drivers/net/ethernet/zte/zx279128s-tm.c,211,ZX_MEM_DMA,1
openwrt/target/linux/zte/files-6.18/drivers/net/ethernet/zte/zx279128s-tm.c,212,ZX_MEM_REMAP,2
openwrt/target/linux/zte/files-6.18/drivers/net/ethernet/zte/zx279128s-tm.c,400,ZX_MAC_CACHE_BITS,8
openwrt/target/linux/zte/files-6.18/drivers/net/ethernet/zte/zx279128s-tm.c,401,ZX_MAC_CACHE_SIZE,(1 << ZX_MAC_CACHE_BITS)
openwrt/target/linux/zte/files-6.18/drivers/net/ethernet/zte/zx279128s-tm.c,402,ZX_REFLECT_RING,64
openwrt/target/linux/zte/files-6.18/drivers/net/ethernet/zte/zx279128s-tm.c,519,ZX_PROBE_MAX,1024
openwrt/target/linux/zte/files-6.18/drivers/net/ethernet/zte/zx279128s-tm.c,520,ZX_PROBE_MAGIC,0x5a5a0000u
openwrt/target/linux/zte/files-6.18/drivers/net/ethernet/zte/zx279128s-tm.c,521,ZX_PROBE_LEN,66
openwrt/target/linux/zte/files-6.18/drivers/net/ethernet/zte/zx279128s-tm.c,522,ZX_PROBE_KEEP,4
openwrt/target/linux/zte/files-6.18/drivers/net/ethernet/zte/zx279128s-tm.c,926,ZX_RX_HOLD_MAX,256
openwrt/target/linux/zte/files-6.18/drivers/net/ethernet/zte/zx279128s-tm.c,1012,ZX_TM_TX_STALL_TICKS,500
openwrt/target/linux/zte/files-6.18/drivers/net/ethernet/zte/zx279128s-tm.c,2906,ZX_WATCH_MAX,16
openwrt/target/linux/zte/files-6.18/drivers/net/ethernet/zte/zx279128s-tm.c,2907,ZX_WATCH_BYTES,80
openwrt/target/linux/zte/files-6.18/drivers/net/ethernet/zte/zx279128s-tm.c,3093,ZX_TXBP_MAX,512
openwrt/target/linux/zte/files-6.18/drivers/net/ethernet/zte/zx279128s-tm.h,13,ZX_TM_MAX_PORTS,4
openwrt/target/linux/zte/files-6.18/drivers/net/ethernet/zte/zx279128s-tm.h,14,ZX_RX_QUEUES,8
openwrt/target/linux/zte/files-6.18/drivers/net/ethernet/zte/zx279128s-tm.h,17,ZX_CLA_IND_CMD,0xc014
openwrt/target/linux/zte/files-6.18/drivers/net/ethernet/zte/zx279128s-tm.h,18,ZX_CLA_IND_DONE,0xc018
openwrt/target/linux/zte/files-6.18/drivers/net/ethernet/zte/zx279128s-tm.h,19,ZX_CLA_IND_DATA,0xc01c
openwrt/target/linux/zte/files-6.18/drivers/net/ethernet/zte/zx279128s-tm.h,100,ZX_SW_FAST_NONE,0
openwrt/target/linux/zte/files-6.18/drivers/net/ethernet/zte/zx279128s-tm.h,101,ZX_SW_FAST_SENT,1
openwrt/target/linux/zte/files-6.18/drivers/net/ethernet/zte/zx279128s-tm.h,102,ZX_SW_FAST_DROP,2
openwrt/target/linux/zte/files-6.18/drivers/net/ethernet/zte/zx279128s-wlan-fast.c,42,FAST_SLOTS,256
openwrt/target/linux/zte/files-6.18/drivers/net/ethernet/zte/zx279128s-wlan-fast.c,43,FAST_WLAN_IDM,1
openwrt/target/linux/zte/files-6.18/drivers/net/ethernet/zte/zx279128s-wlan-fast.c,44,FAST_QUIET_GRACE,"max_t(unsigned long, 2 * HZ, 1)"
openwrt/target/linux/zte/files-6.18/drivers/net/ethernet/zte/zx279128s-wlan-fast.c,45,FAST_LATE_GRACE,0
openwrt/target/linux/zte/files-6.18/drivers/net/ethernet/zte/zx279128s-wlan-fast.c,46,FAST_OBSERVERS,512
openwrt/target/linux/zte/files-6.18/drivers/net/ethernet/zte/zx279128s-wlan-fast.c,47,FAST_MIN_BYTES,(128 * 1024)
openwrt/target/linux/zte/files-6.18/drivers/net/ethernet/zte/zx279128s-wlan-fast.c,48,FAST_OBSERVE_AGE,(5 * HZ)
openwrt/target/linux/zte/files-6.18/drivers/net/ethernet/zte/zx279128s-wlan-fast.c,62,FAST_UDP_DSCP_MAX,24
openwrt/target/linux/zte/files-6.18/drivers/net/ethernet/zte/zx279128s-wlan-fast.c,121,FAST_STATIONS,32
openwrt/target/linux/zte/files-6.18/drivers/net/ethernet/zte/zx279128s-wlan-fast.c,798,FAST_HDR_RAW,64
openwrt/target/linux/zte/files-6.18/drivers/net/ethernet/zte/zx279128s-wlan-fast.c,799,FAST_HDR_IPTCP,(sizeof(struct iphdr) + sizeof(struct tcphdr))
openwrt/target/linux/zte/files-6.18/drivers/net/ethernet/zte/zx279128s-wlan-fast.c,1261,FAST_AUTO_MAX,64
openwrt/target/linux/zte/files-6.18/drivers/net/mdio/mdio-zx279128s.c,23,ZX279128S_MDIO_WRITE_DATA,0x04
openwrt/target/linux/zte/files-6.18/drivers/net/mdio/mdio-zx279128s.c,24,ZX279128S_MDIO_READ_DATA,0x08
openwrt/target/linux/zte/files-6.18/drivers/net/mdio/mdio-zx279128s.c,25,ZX279128S_MDIO_STATUS,0x10
openwrt/target/linux/zte/files-6.18/drivers/net/mdio/mdio-zx279128s.c,26,ZX279128S_MDIO_CONTROL,0x14
openwrt/target/linux/zte/files-6.18/drivers/net/mdio/mdio-zx279128s.c,28,ZX279128S_MDIO_CONTROL_REG,"GENMASK(4, 0)"
openwrt/target/linux/zte/files-6.18/drivers/net/mdio/mdio-zx279128s.c,29,ZX279128S_MDIO_CONTROL_PHY,"GENMASK(9, 5)"
openwrt/target/linux/zte/files-6.18/drivers/net/mdio/mdio-zx279128s.c,30,ZX279128S_MDIO_CONTROL_OP,"GENMASK(11, 10)"
openwrt/target/linux/zte/files-6.18/drivers/net/mdio/mdio-zx279128s.c,31,ZX279128S_MDIO_CONTROL_START,BIT(14)
openwrt/target/linux/zte/files-6.18/drivers/net/mdio/mdio-zx279128s.c,33,ZX279128S_MDIO_OP_WRITE,1
openwrt/target/linux/zte/files-6.18/drivers/net/mdio/mdio-zx279128s.c,34,ZX279128S_MDIO_OP_C22_READ,2
openwrt/target/linux/zte/files-6.18/drivers/net/mdio/mdio-zx279128s.c,36,ZX279128S_MDIO_POLL_US,1
openwrt/target/linux/zte/files-6.18/drivers/net/mdio/mdio-zx279128s.c,37,ZX279128S_MDIO_TIMEOUT_US,10000
openwrt/target/linux/zte/files-6.18/drivers/pci/controller/dwc/pcie-zx279128s.c,29,ZX_CRM_PHYS,0x94000000
openwrt/target/linux/zte/files-6.18/drivers/pci/controller/dwc/pcie-zx279128s.c,30,ZX_PMU_PHYS,0x94100000
openwrt/target/linux/zte/files-6.18/drivers/pci/controller/dwc/pcie-zx279128s.c,31,ZX_SYS_PHYS,0x94200000
openwrt/target/linux/zte/files-6.18/drivers/pci/controller/dwc/pcie-zx279128s.c,32,ZX_GPIO_PHYS,0x94407000
openwrt/target/linux/zte/files-6.18/drivers/pci/controller/dwc/pcie-zx279128s.c,33,ZX_MMIO_SIZE,0x1000
openwrt/target/linux/zte/files-6.18/drivers/pci/controller/dwc/pcie-zx279128s.c,35,ZX_GPIO_BANK,0x40
openwrt/target/linux/zte/files-6.18/drivers/pci/controller/dwc/pcie-zx279128s.c,36,ZX_GPIO_DIR,0x00
openwrt/target/linux/zte/files-6.18/drivers/pci/controller/dwc/pcie-zx279128s.c,37,ZX_GPIO_SET,0x18
openwrt/target/linux/zte/files-6.18/drivers/pci/controller/dwc/pcie-zx279128s.c,38,ZX_GPIO_CLR,0x1c
openwrt/target/linux/zte/files-6.18/drivers/pci/controller/dwc/pcie-zx279128s.c,39,ZX_PERST0,53
openwrt/target/linux/zte/files-6.18/drivers/pci/controller/dwc/pcie-zx279128s.c,40,ZX_PERST1,55
openwrt/target/linux/zte/files-6.18/drivers/pci/controller/dwc/pcie-zx279128s.c,42,ZX_PHY_LTSSM,0x0dc
openwrt/target/linux/zte/files-6.18/drivers/pci/controller/dwc/pcie-zx279128s.c,43,ZX_PHY_LTSSM_SHIFT,17
openwrt/target/linux/zte/files-6.18/drivers/pci/controller/dwc/pcie-zx279128s.c,44,ZX_PHY_LTSSM_MASK,0x3f
openwrt/target/linux/zte/files-6.18/drivers/pci/controller/dwc/pcie-zx279128s.c,45,ZX_PHY_LTSSM_L0,0x11
out/r241-normal/spi-zx279128s-sfc.c,37,SFC_START,0x04
out/r241-normal/spi-zx279128s-sfc.c,38,SFC_START_GO,BIT(0)
out/r241-normal/spi-zx279128s-sfc.c,39,SFC_EN,0x08
out/r241-normal/spi-zx279128s-sfc.c,40,SFC_EN_ON,BIT(0)
out/r241-normal/spi-zx279128s-sfc.c,41,SFC_EN_HOLD,BIT(1)
out/r241-normal/spi-zx279128s-sfc.c,42,SFC_FIFO_CTL,0x0c
out/r241-normal/spi-zx279128s-sfc.c,43,SFC_FIFO_RESET,0x1c440
out/r241-normal/spi-zx279128s-sfc.c,44,SFC_CMD,0x10
out/r241-normal/spi-zx279128s-sfc.c,45,SFC_CMD_TX,BIT(0)
out/r241-normal/spi-zx279128s-sfc.c,46,SFC_CMD_RX,BIT(1)
out/r241-normal/spi-zx279128s-sfc.c,47,SFC_CMD_DUMMY,BIT(2)
out/r241-normal/spi-zx279128s-sfc.c,48,SFC_CMD_ADDR,BIT(4)
out/r241-normal/spi-zx279128s-sfc.c,49,SFC_MODE,0x14
out/r241-normal/spi-zx279128s-sfc.c,50,SFC_MODE_DUAL,0x4
out/r241-normal/spi-zx279128s-sfc.c,51,SFC_MODE_ALEN,"GENMASK(6, 5)"
out/r241-normal/spi-zx279128s-sfc.c,52,SFC_MODE_DUMMY,"GENMASK(15, 12)"
out/r241-normal/spi-zx279128s-sfc.c,53,SFC_LEN,0x18
out/r241-normal/spi-zx279128s-sfc.c,54,SFC_ADDR,0x1c
out/r241-normal/spi-zx279128s-sfc.c,55,SFC_OPCODE,0x20
out/r241-normal/spi-zx279128s-sfc.c,56,SFC_STATUS,0x2c
out/r241-normal/spi-zx279128s-sfc.c,57,SFC_STATUS_DONE,BIT(0)
out/r241-normal/spi-zx279128s-sfc.c,58,SFC_STATUS_FORMAT,BIT(1)
out/r241-normal/spi-zx279128s-sfc.c,59,SFC_INT_CLR,0x30
out/r241-normal/spi-zx279128s-sfc.c,60,SFC_INT_ALL,0x3f
out/r241-normal/spi-zx279128s-sfc.c,61,SFC_FIFO_STAT,0x34
out/r241-normal/spi-zx279128s-sfc.c,62,SFC_FIFO_RX_WORDS,"GENMASK(12, 8)"
out/r241-normal/spi-zx279128s-sfc.c,63,SFC_FIFO_TX_FREE,"GENMASK(20, 16)"
out/r241-normal/spi-zx279128s-sfc.c,64,SFC_FIFO,0x38
out/r241-normal/spi-zx279128s-sfc.c,66,SFC_MAX_XFER,2048
out/r241-normal/spi-zx279128s-sfc.c,67,SFC_TIMEOUT_US,100000
out/r241-normal/spi-zx279128s-sfc.c,71,SFC_PAGE_SIZE,2048
out/r241-normal/spi-zx279128s-sfc.c,72,SFC_FENCE_START,0x0a800000
out/r241-normal/spi-zx279128s-sfc.c,73,SFC_FENCE_END,0x0ff00000
out/r241-normal/spi-zx279128s-sfc.c,75,OP_RESET,0xff
out/r241-normal/spi-zx279128s-sfc.c,76,OP_READ_ID,0x9f
out/r241-normal/spi-zx279128s-sfc.c,77,OP_GET_FEATURE,0x0f
out/r241-normal/spi-zx279128s-sfc.c,78,OP_SET_FEATURE,0x1f
out/r241-normal/spi-zx279128s-sfc.c,79,OP_WRITE_ENABLE,0x06
out/r241-normal/spi-zx279128s-sfc.c,80,OP_WRITE_DISABLE,0x04
out/r241-normal/spi-zx279128s-sfc.c,81,OP_PAGE_READ,0x13
out/r241-normal/spi-zx279128s-sfc.c,82,OP_READ_CACHE,0x03
out/r241-normal/spi-zx279128s-sfc.c,83,OP_READ_CACHE_X2,0x3b
out/r241-normal/spi-zx279128s-sfc.c,84,OP_PROG_LOAD,0x02
out/r241-normal/spi-zx279128s-sfc.c,85,OP_PROG_LOAD_RANDOM,0x84
out/r241-normal/spi-zx279128s-sfc.c,86,OP_PROG_EXEC,0x10
out/r241-normal/spi-zx279128s-sfc.c,87,OP_BLOCK_ERASE,0xd8
out/r241-normal/spi-zx279128s-sfc.c,89,FEAT_PROTECT,0xa0
out/r241-normal/spi-zx279128s-sfc.c,90,FEAT_CONFIG,0xb0
out/r241-normal/spi-zx279128s-sfc.c,91,FEAT_CONFIG_LOCKS,0xe0
